testbench,vdd,temp,measurement,value
tb_full_adder.spice,1.62,0,tpd_a_sum_r,1.684312e-10
tb_full_adder.spice,1.62,0,tpd_a_sum_f,2.198684e-10
tb_full_adder.spice,1.62,0,tpd_a_cout_r,1.483059e-10
tb_full_adder.spice,1.62,0,tpd_a_sum_r2,1.607779e-10
tb_full_adder.spice,1.62,0,tpd_a_cout_f,1.460796e-10
tb_full_adder.spice,1.62,0,avg_power,1.060637e-06
tb_full_adder.spice,1.62,27,tpd_a_sum_r,1.625242e-10
tb_full_adder.spice,1.62,27,tpd_a_sum_f,2.202940e-10
tb_full_adder.spice,1.62,27,tpd_a_cout_r,1.428598e-10
tb_full_adder.spice,1.62,27,tpd_a_sum_r2,1.535072e-10
tb_full_adder.spice,1.62,27,tpd_a_cout_f,1.457030e-10
tb_full_adder.spice,1.62,27,avg_power,1.063764e-06
tb_full_adder.spice,1.62,85,tpd_a_sum_r,1.525759e-10
tb_full_adder.spice,1.62,85,tpd_a_sum_f,2.340998e-10
tb_full_adder.spice,1.62,85,tpd_a_cout_r,1.419059e-10
tb_full_adder.spice,1.62,85,tpd_a_sum_r2,1.498745e-10
tb_full_adder.spice,1.62,85,tpd_a_cout_f,1.452090e-10
tb_full_adder.spice,1.62,85,avg_power,1.129178e-06
tb_full_adder.spice,1.8,0,tpd_a_sum_r,1.321244e-10
tb_full_adder.spice,1.8,0,tpd_a_sum_f,1.776897e-10
tb_full_adder.spice,1.8,0,tpd_a_cout_r,1.202937e-10
tb_full_adder.spice,1.8,0,tpd_a_sum_r2,1.348329e-10
tb_full_adder.spice,1.8,0,tpd_a_cout_f,1.257718e-10
tb_full_adder.spice,1.8,0,avg_power,1.345363e-06
tb_full_adder.spice,1.8,27,tpd_a_sum_r,1.302644e-10
tb_full_adder.spice,1.8,27,tpd_a_sum_f,1.864923e-10
tb_full_adder.spice,1.8,27,tpd_a_cout_r,1.216865e-10
tb_full_adder.spice,1.8,27,tpd_a_sum_r2,1.314796e-10
tb_full_adder.spice,1.8,27,tpd_a_cout_f,1.235463e-10
tb_full_adder.spice,1.8,27,avg_power,1.364740e-06
tb_full_adder.spice,1.8,85,tpd_a_sum_r,1.261354e-10
tb_full_adder.spice,1.8,85,tpd_a_sum_f,1.996286e-10
tb_full_adder.spice,1.8,85,tpd_a_cout_r,1.213524e-10
tb_full_adder.spice,1.8,85,tpd_a_sum_r2,1.264044e-10
tb_full_adder.spice,1.8,85,tpd_a_cout_f,1.247688e-10
tb_full_adder.spice,1.8,85,avg_power,1.498849e-06
tb_full_adder.spice,1.98,0,tpd_a_sum_r,1.098847e-10
tb_full_adder.spice,1.98,0,tpd_a_sum_f,1.571434e-10
tb_full_adder.spice,1.98,0,tpd_a_cout_r,1.072679e-10
tb_full_adder.spice,1.98,0,tpd_a_sum_r2,1.153372e-10
tb_full_adder.spice,1.98,0,tpd_a_cout_f,1.084351e-10
tb_full_adder.spice,1.98,0,avg_power,1.648095e-06
tb_full_adder.spice,1.98,27,tpd_a_sum_r,1.091738e-10
tb_full_adder.spice,1.98,27,tpd_a_sum_f,1.622128e-10
tb_full_adder.spice,1.98,27,tpd_a_cout_r,1.082855e-10
tb_full_adder.spice,1.98,27,tpd_a_sum_r2,1.126836e-10
tb_full_adder.spice,1.98,27,tpd_a_cout_f,1.094499e-10
tb_full_adder.spice,1.98,27,avg_power,1.696963e-06
tb_full_adder.spice,1.98,85,tpd_a_sum_r,1.072755e-10
tb_full_adder.spice,1.98,85,tpd_a_sum_f,1.731366e-10
tb_full_adder.spice,1.98,85,tpd_a_cout_r,1.100431e-10
tb_full_adder.spice,1.98,85,tpd_a_sum_r2,1.102354e-10
tb_full_adder.spice,1.98,85,tpd_a_cout_f,1.122290e-10
tb_full_adder.spice,1.98,85,avg_power,1.872700e-06
tb_full_subtractor.spice,1.62,0,tpd_a_diff_r,2.478420e-10
tb_full_subtractor.spice,1.62,0,tpd_a_diff_f,1.687019e-10
tb_full_subtractor.spice,1.62,0,avg_power,1.893345e-06
tb_full_subtractor.spice,1.62,27,tpd_a_diff_r,2.437653e-10
tb_full_subtractor.spice,1.62,27,tpd_a_diff_f,1.633958e-10
tb_full_subtractor.spice,1.62,27,avg_power,1.918814e-06
tb_full_subtractor.spice,1.62,85,tpd_a_diff_r,2.398279e-10
tb_full_subtractor.spice,1.62,85,tpd_a_diff_f,1.729588e-10
tb_full_subtractor.spice,1.62,85,avg_power,2.038594e-06
tb_full_subtractor.spice,1.8,0,tpd_a_diff_r,2.016425e-10
tb_full_subtractor.spice,1.8,0,tpd_a_diff_f,1.411217e-10
tb_full_subtractor.spice,1.8,0,avg_power,2.335644e-06
tb_full_subtractor.spice,1.8,27,tpd_a_diff_r,2.010018e-10
tb_full_subtractor.spice,1.8,27,tpd_a_diff_f,1.444487e-10
tb_full_subtractor.spice,1.8,27,avg_power,2.383374e-06
tb_full_subtractor.spice,1.8,85,tpd_a_diff_r,2.015883e-10
tb_full_subtractor.spice,1.8,85,tpd_a_diff_f,1.450926e-10
tb_full_subtractor.spice,1.8,85,avg_power,2.576310e-06
tb_full_subtractor.spice,1.98,0,tpd_a_diff_r,1.736371e-10
tb_full_subtractor.spice,1.98,0,tpd_a_diff_f,1.106993e-10
tb_full_subtractor.spice,1.98,0,avg_power,2.852161e-06
tb_full_subtractor.spice,1.98,27,tpd_a_diff_r,1.747550e-10
tb_full_subtractor.spice,1.98,27,tpd_a_diff_f,1.228394e-10
tb_full_subtractor.spice,1.98,27,avg_power,2.912072e-06
tb_full_subtractor.spice,1.98,85,tpd_a_diff_r,1.769560e-10
tb_full_subtractor.spice,1.98,85,tpd_a_diff_f,1.306156e-10
tb_full_subtractor.spice,1.98,85,avg_power,3.159028e-06
tb_comparator_4bit.spice,1.62,0,avg_power,6.652159e-06
tb_comparator_4bit.spice,1.62,0,tpd_a3_lt_r,4.593862e-10
tb_comparator_4bit.spice,1.62,0,tpd_a3_eq_f,1.445154e-10
tb_comparator_4bit.spice,1.62,0,tpd_a3_gt_r,4.875980e-10
tb_comparator_4bit.spice,1.62,0,tpd_a3_lt_f,4.655417e-10
tb_comparator_4bit.spice,1.62,0,tpd_b3_eq_r,5.315367e-10
tb_comparator_4bit.spice,1.62,0,tpd_a3_lt_r2,4.774430e-10
tb_comparator_4bit.spice,1.62,0,tpd_a3_gt_r2,4.884379e-10
tb_comparator_4bit.spice,1.62,27,avg_power,6.784050e-06
tb_comparator_4bit.spice,1.62,27,tpd_a3_lt_r,4.608282e-10
tb_comparator_4bit.spice,1.62,27,tpd_a3_eq_f,1.451916e-10
tb_comparator_4bit.spice,1.62,27,tpd_a3_gt_r,4.969576e-10
tb_comparator_4bit.spice,1.62,27,tpd_a3_lt_f,4.979129e-10
tb_comparator_4bit.spice,1.62,27,tpd_b3_eq_r,5.352881e-10
tb_comparator_4bit.spice,1.62,27,tpd_a3_lt_r2,4.762156e-10
tb_comparator_4bit.spice,1.62,27,tpd_a3_gt_r2,4.861910e-10
tb_comparator_4bit.spice,1.62,85,avg_power,7.373317e-06
tb_comparator_4bit.spice,1.62,85,tpd_a3_lt_r,4.674983e-10
tb_comparator_4bit.spice,1.62,85,tpd_a3_eq_f,1.465172e-10
tb_comparator_4bit.spice,1.62,85,tpd_a3_gt_r,4.777285e-10
tb_comparator_4bit.spice,1.62,85,tpd_a3_lt_f,4.651840e-10
tb_comparator_4bit.spice,1.62,85,tpd_b3_eq_r,5.392043e-10
tb_comparator_4bit.spice,1.62,85,tpd_a3_lt_r2,4.738705e-10
tb_comparator_4bit.spice,1.62,85,tpd_a3_gt_r2,4.769774e-10
tb_comparator_4bit.spice,1.8,0,avg_power,8.329677e-06
tb_comparator_4bit.spice,1.8,0,tpd_a3_lt_r,3.745372e-10
tb_comparator_4bit.spice,1.8,0,tpd_a3_eq_f,1.224345e-10
tb_comparator_4bit.spice,1.8,0,tpd_a3_gt_r,4.028348e-10
tb_comparator_4bit.spice,1.8,0,tpd_a3_lt_f,3.931298e-10
tb_comparator_4bit.spice,1.8,0,tpd_b3_eq_r,4.516150e-10
tb_comparator_4bit.spice,1.8,0,tpd_a3_lt_r2,3.884039e-10
tb_comparator_4bit.spice,1.8,0,tpd_a3_gt_r2,4.116562e-10
tb_comparator_4bit.spice,1.8,27,avg_power,8.497025e-06
tb_comparator_4bit.spice,1.8,27,tpd_a3_lt_r,4.000052e-10
tb_comparator_4bit.spice,1.8,27,tpd_a3_eq_f,1.207470e-10
tb_comparator_4bit.spice,1.8,27,tpd_a3_gt_r,4.035300e-10
tb_comparator_4bit.spice,1.8,27,tpd_a3_lt_f,3.934393e-10
tb_comparator_4bit.spice,1.8,27,tpd_b3_eq_r,4.669270e-10
tb_comparator_4bit.spice,1.8,27,tpd_a3_lt_r2,3.905652e-10
tb_comparator_4bit.spice,1.8,27,tpd_a3_gt_r2,4.115226e-10
tb_comparator_4bit.spice,1.8,85,avg_power,9.438674e-06
tb_comparator_4bit.spice,1.8,85,tpd_a3_lt_r,4.047516e-10
tb_comparator_4bit.spice,1.8,85,tpd_a3_eq_f,1.276738e-10
tb_comparator_4bit.spice,1.8,85,tpd_a3_gt_r,4.093743e-10
tb_comparator_4bit.spice,1.8,85,tpd_a3_lt_f,4.033949e-10
tb_comparator_4bit.spice,1.8,85,tpd_b3_eq_r,4.662977e-10
tb_comparator_4bit.spice,1.8,85,tpd_a3_lt_r2,3.975281e-10
tb_comparator_4bit.spice,1.8,85,tpd_a3_gt_r2,4.081095e-10
tb_comparator_4bit.spice,1.98,0,avg_power,1.021219e-05
tb_comparator_4bit.spice,1.98,0,tpd_a3_lt_r,3.393980e-10
tb_comparator_4bit.spice,1.98,0,tpd_a3_eq_f,1.095574e-10
tb_comparator_4bit.spice,1.98,0,tpd_a3_gt_r,3.310183e-10
tb_comparator_4bit.spice,1.98,0,tpd_a3_lt_f,3.610641e-10
tb_comparator_4bit.spice,1.98,0,tpd_b3_eq_r,3.930004e-10
tb_comparator_4bit.spice,1.98,0,tpd_a3_lt_r2,3.371994e-10
tb_comparator_4bit.spice,1.98,0,tpd_a3_gt_r2,3.500497e-10
tb_comparator_4bit.spice,1.98,27,avg_power,1.055069e-05
tb_comparator_4bit.spice,1.98,27,tpd_a3_lt_r,3.477459e-10
tb_comparator_4bit.spice,1.98,27,tpd_a3_eq_f,1.110006e-10
tb_comparator_4bit.spice,1.98,27,tpd_a3_gt_r,3.383200e-10
tb_comparator_4bit.spice,1.98,27,tpd_a3_lt_f,3.576840e-10
tb_comparator_4bit.spice,1.98,27,tpd_b3_eq_r,3.980361e-10
tb_comparator_4bit.spice,1.98,27,tpd_a3_lt_r2,3.454241e-10
tb_comparator_4bit.spice,1.98,27,tpd_a3_gt_r2,3.540547e-10
tb_comparator_4bit.spice,1.98,85,avg_power,1.185502e-05
tb_comparator_4bit.spice,1.98,85,tpd_a3_lt_r,3.573006e-10
tb_comparator_4bit.spice,1.98,85,tpd_a3_eq_f,1.135623e-10
tb_comparator_4bit.spice,1.98,85,tpd_a3_gt_r,3.593402e-10
tb_comparator_4bit.spice,1.98,85,tpd_a3_lt_f,3.563283e-10
tb_comparator_4bit.spice,1.98,85,tpd_b3_eq_r,4.090153e-10
tb_comparator_4bit.spice,1.98,85,tpd_a3_lt_r2,3.554853e-10
tb_comparator_4bit.spice,1.98,85,tpd_a3_gt_r2,3.604543e-10
tb_logic_ops_4bit.spice,1.62,0,avg_power,2.779409e-06
tb_logic_ops_4bit.spice,1.62,0,tpd_a1_and1_f,1.024723e-10
tb_logic_ops_4bit.spice,1.62,0,tpd_a1_or1_f,1.688163e-10
tb_logic_ops_4bit.spice,1.62,0,tpd_a0_and0_r,1.526259e-10
tb_logic_ops_4bit.spice,1.62,0,tpd_a0_or0_r,1.202177e-10
tb_logic_ops_4bit.spice,1.62,27,avg_power,2.817109e-06
tb_logic_ops_4bit.spice,1.62,27,tpd_a1_and1_f,1.039065e-10
tb_logic_ops_4bit.spice,1.62,27,tpd_a1_or1_f,1.681586e-10
tb_logic_ops_4bit.spice,1.62,27,tpd_a0_and0_r,1.509979e-10
tb_logic_ops_4bit.spice,1.62,27,tpd_a0_or0_r,1.169551e-10
tb_logic_ops_4bit.spice,1.62,85,avg_power,3.040918e-06
tb_logic_ops_4bit.spice,1.62,85,tpd_a1_and1_f,1.068543e-10
tb_logic_ops_4bit.spice,1.62,85,tpd_a1_or1_f,1.669750e-10
tb_logic_ops_4bit.spice,1.62,85,tpd_a0_and0_r,1.486426e-10
tb_logic_ops_4bit.spice,1.62,85,tpd_a0_or0_r,1.105421e-10
tb_logic_ops_4bit.spice,1.8,0,avg_power,3.479673e-06
tb_logic_ops_4bit.spice,1.8,0,tpd_a1_and1_f,9.000986e-11
tb_logic_ops_4bit.spice,1.8,0,tpd_a1_or1_f,1.443866e-10
tb_logic_ops_4bit.spice,1.8,0,tpd_a0_and0_r,1.292231e-10
tb_logic_ops_4bit.spice,1.8,0,tpd_a0_or0_r,1.021789e-10
tb_logic_ops_4bit.spice,1.8,27,avg_power,3.539055e-06
tb_logic_ops_4bit.spice,1.8,27,tpd_a1_and1_f,9.215517e-11
tb_logic_ops_4bit.spice,1.8,27,tpd_a1_or1_f,1.453813e-10
tb_logic_ops_4bit.spice,1.8,27,tpd_a0_and0_r,1.283994e-10
tb_logic_ops_4bit.spice,1.8,27,tpd_a0_or0_r,1.008586e-10
tb_logic_ops_4bit.spice,1.8,85,avg_power,3.875818e-06
tb_logic_ops_4bit.spice,1.8,85,tpd_a1_and1_f,9.566226e-11
tb_logic_ops_4bit.spice,1.8,85,tpd_a1_or1_f,1.459342e-10
tb_logic_ops_4bit.spice,1.8,85,tpd_a0_and0_r,1.287950e-10
tb_logic_ops_4bit.spice,1.8,85,tpd_a0_or0_r,9.793607e-11
tb_logic_ops_4bit.spice,1.98,0,avg_power,4.306358e-06
tb_logic_ops_4bit.spice,1.98,0,tpd_a1_and1_f,8.053950e-11
tb_logic_ops_4bit.spice,1.98,0,tpd_a1_or1_f,1.271091e-10
tb_logic_ops_4bit.spice,1.98,0,tpd_a0_and0_r,1.132168e-10
tb_logic_ops_4bit.spice,1.98,0,tpd_a0_or0_r,8.979326e-11
tb_logic_ops_4bit.spice,1.98,27,avg_power,4.393723e-06
tb_logic_ops_4bit.spice,1.98,27,tpd_a1_and1_f,8.277374e-11
tb_logic_ops_4bit.spice,1.98,27,tpd_a1_or1_f,1.278352e-10
tb_logic_ops_4bit.spice,1.98,27,tpd_a0_and0_r,1.138204e-10
tb_logic_ops_4bit.spice,1.98,27,tpd_a0_or0_r,8.929980e-11
tb_logic_ops_4bit.spice,1.98,85,avg_power,4.909555e-06
tb_logic_ops_4bit.spice,1.98,85,tpd_a1_and1_f,8.701789e-11
tb_logic_ops_4bit.spice,1.98,85,tpd_a1_or1_f,1.302051e-10
tb_logic_ops_4bit.spice,1.98,85,tpd_a0_and0_r,1.150338e-10
tb_logic_ops_4bit.spice,1.98,85,tpd_a0_or0_r,8.833482e-11
tb_multiplier_4x4.spice,1.62,0,avg_power,1.841178e-05
tb_multiplier_4x4.spice,1.62,0,tpd_a0_p7_r,6.982076e-10
tb_multiplier_4x4.spice,1.62,0,tpd_a0_p0_r,2.114586e-10
tb_multiplier_4x4.spice,1.62,0,tpd_a1_p7_f,7.045932e-10
tb_multiplier_4x4.spice,1.62,0,tpd_a1_p1_r,2.775334e-10
tb_multiplier_4x4.spice,1.62,0,tpd_a3_p5_r,9.454076e-10
tb_multiplier_4x4.spice,1.62,0,tpd_a3_p1_f,2.772773e-10
tb_multiplier_4x4.spice,1.62,0,tpd_b0_p2_r,4.606719e-10
tb_multiplier_4x4.spice,1.62,0,tpd_b0_p0_f,1.826311e-10
tb_multiplier_4x4.spice,1.62,27,avg_power,1.905243e-05
tb_multiplier_4x4.spice,1.62,27,tpd_a0_p7_r,6.814907e-10
tb_multiplier_4x4.spice,1.62,27,tpd_a0_p0_r,2.104727e-10
tb_multiplier_4x4.spice,1.62,27,tpd_a1_p7_f,7.246113e-10
tb_multiplier_4x4.spice,1.62,27,tpd_a1_p1_r,2.912522e-10
tb_multiplier_4x4.spice,1.62,27,tpd_a3_p5_r,9.042384e-10
tb_multiplier_4x4.spice,1.62,27,tpd_a3_p1_f,2.790566e-10
tb_multiplier_4x4.spice,1.62,27,tpd_b0_p2_r,4.559343e-10
tb_multiplier_4x4.spice,1.62,27,tpd_b0_p0_f,1.814327e-10
tb_multiplier_4x4.spice,1.62,85,avg_power,2.095905e-05
tb_multiplier_4x4.spice,1.62,85,tpd_a0_p7_r,6.621353e-10
tb_multiplier_4x4.spice,1.62,85,tpd_a0_p0_r,2.071274e-10
tb_multiplier_4x4.spice,1.62,85,tpd_a1_p7_f,6.534513e-10
tb_multiplier_4x4.spice,1.62,85,tpd_a1_p1_r,2.638983e-10
tb_multiplier_4x4.spice,1.62,85,tpd_a3_p5_r,8.604984e-10
tb_multiplier_4x4.spice,1.62,85,tpd_a3_p1_f,2.836686e-10
tb_multiplier_4x4.spice,1.62,85,tpd_b0_p2_r,4.511628e-10
tb_multiplier_4x4.spice,1.62,85,tpd_b0_p0_f,1.818259e-10
tb_multiplier_4x4.spice,1.8,0,avg_power,2.348968e-05
tb_multiplier_4x4.spice,1.8,0,tpd_a0_p7_r,5.482722e-10
tb_multiplier_4x4.spice,1.8,0,tpd_a0_p0_r,1.724130e-10
tb_multiplier_4x4.spice,1.8,0,tpd_a1_p7_f,5.632171e-10
tb_multiplier_4x4.spice,1.8,0,tpd_a1_p1_r,2.319289e-10
tb_multiplier_4x4.spice,1.8,0,tpd_a3_p5_r,7.085835e-10
tb_multiplier_4x4.spice,1.8,0,tpd_a3_p1_f,2.305680e-10
tb_multiplier_4x4.spice,1.8,0,tpd_b0_p2_r,3.761319e-10
tb_multiplier_4x4.spice,1.8,0,tpd_b0_p0_f,1.499744e-10
tb_multiplier_4x4.spice,1.8,27,avg_power,2.434688e-05
tb_multiplier_4x4.spice,1.8,27,tpd_a0_p7_r,5.469210e-10
tb_multiplier_4x4.spice,1.8,27,tpd_a0_p0_r,1.736822e-10
tb_multiplier_4x4.spice,1.8,27,tpd_a1_p7_f,5.644488e-10
tb_multiplier_4x4.spice,1.8,27,tpd_a1_p1_r,2.318934e-10
tb_multiplier_4x4.spice,1.8,27,tpd_a3_p5_r,6.974358e-10
tb_multiplier_4x4.spice,1.8,27,tpd_a3_p1_f,2.391872e-10
tb_multiplier_4x4.spice,1.8,27,tpd_b0_p2_r,3.787375e-10
tb_multiplier_4x4.spice,1.8,27,tpd_b0_p0_f,1.509592e-10
tb_multiplier_4x4.spice,1.8,85,avg_power,2.757007e-05
tb_multiplier_4x4.spice,1.8,85,tpd_a0_p7_r,5.502956e-10
tb_multiplier_4x4.spice,1.8,85,tpd_a0_p0_r,1.769831e-10
tb_multiplier_4x4.spice,1.8,85,tpd_a1_p7_f,5.534344e-10
tb_multiplier_4x4.spice,1.8,85,tpd_a1_p1_r,2.250710e-10
tb_multiplier_4x4.spice,1.8,85,tpd_a3_p5_r,7.022295e-10
tb_multiplier_4x4.spice,1.8,85,tpd_a3_p1_f,2.422908e-10
tb_multiplier_4x4.spice,1.8,85,tpd_b0_p2_r,3.812822e-10
tb_multiplier_4x4.spice,1.8,85,tpd_b0_p0_f,1.533104e-10
tb_multiplier_4x4.spice,1.98,0,avg_power,3.006363e-05
tb_multiplier_4x4.spice,1.98,0,tpd_a0_p7_r,4.651565e-10
tb_multiplier_4x4.spice,1.98,0,tpd_a0_p0_r,1.504627e-10
tb_multiplier_4x4.spice,1.98,0,tpd_a1_p7_f,4.888476e-10
tb_multiplier_4x4.spice,1.98,0,tpd_a1_p1_r,2.033134e-10
tb_multiplier_4x4.spice,1.98,0,tpd_a3_p5_r,5.730722e-10
tb_multiplier_4x4.spice,1.98,0,tpd_a3_p1_f,1.984635e-10
tb_multiplier_4x4.spice,1.98,0,tpd_b0_p2_r,3.322955e-10
tb_multiplier_4x4.spice,1.98,0,tpd_b0_p0_f,1.322429e-10
tb_multiplier_4x4.spice,1.98,27,avg_power,3.107307e-05
tb_multiplier_4x4.spice,1.98,27,tpd_a0_p7_r,4.648195e-10
tb_multiplier_4x4.spice,1.98,27,tpd_a0_p0_r,1.520008e-10
tb_multiplier_4x4.spice,1.98,27,tpd_a1_p7_f,4.888492e-10
tb_multiplier_4x4.spice,1.98,27,tpd_a1_p1_r,2.050315e-10
tb_multiplier_4x4.spice,1.98,27,tpd_a3_p5_r,5.776642e-10
tb_multiplier_4x4.spice,1.98,27,tpd_a3_p1_f,2.031038e-10
tb_multiplier_4x4.spice,1.98,27,tpd_b0_p2_r,3.315417e-10
tb_multiplier_4x4.spice,1.98,27,tpd_b0_p0_f,1.341651e-10
tb_multiplier_4x4.spice,1.98,85,avg_power,3.529686e-05
tb_multiplier_4x4.spice,1.98,85,tpd_a0_p7_r,4.834872e-10
tb_multiplier_4x4.spice,1.98,85,tpd_a0_p0_r,1.564073e-10
tb_multiplier_4x4.spice,1.98,85,tpd_a1_p7_f,4.909167e-10
tb_multiplier_4x4.spice,1.98,85,tpd_a1_p1_r,2.042947e-10
tb_multiplier_4x4.spice,1.98,85,tpd_a3_p5_r,5.903315e-10
tb_multiplier_4x4.spice,1.98,85,tpd_a3_p1_f,2.137119e-10
tb_multiplier_4x4.spice,1.98,85,tpd_b0_p2_r,3.304330e-10
tb_multiplier_4x4.spice,1.98,85,tpd_b0_p0_f,1.383537e-10
tb_alu_4bit.spice,1.62,0,avg_power,2.090803e-05
tb_alu_4bit.spice,1.62,0,tpd_s0_r3_f,2.870137e-10
tb_alu_4bit.spice,1.62,0,tpd_s0_r1_r,3.519145e-10
tb_alu_4bit.spice,1.62,0,tpd_s0_r4_f,1.650874e-10
tb_alu_4bit.spice,1.62,0,tpd_s0_r2_r,3.357470e-10
tb_alu_4bit.spice,1.62,0,tpd_s0_r2_f,1.703495e-10
tb_alu_4bit.spice,1.62,0,tpd_s0_r3_r,7.269483e-10
tb_alu_4bit.spice,1.62,27,avg_power,2.133203e-05
tb_alu_4bit.spice,1.62,27,tpd_s0_r3_f,2.980465e-10
tb_alu_4bit.spice,1.62,27,tpd_s0_r1_r,3.422762e-10
tb_alu_4bit.spice,1.62,27,tpd_s0_r4_f,1.699853e-10
tb_alu_4bit.spice,1.62,27,tpd_s0_r2_r,3.237173e-10
tb_alu_4bit.spice,1.62,27,tpd_s0_r2_f,1.763534e-10
tb_alu_4bit.spice,1.62,27,tpd_s0_r3_r,6.939779e-10
tb_alu_4bit.spice,1.62,85,avg_power,2.388434e-05
tb_alu_4bit.spice,1.62,85,tpd_s0_r3_f,3.165922e-10
tb_alu_4bit.spice,1.62,85,tpd_s0_r1_r,3.239339e-10
tb_alu_4bit.spice,1.62,85,tpd_s0_r4_f,1.782913e-10
tb_alu_4bit.spice,1.62,85,tpd_s0_r2_r,3.056526e-10
tb_alu_4bit.spice,1.62,85,tpd_s0_r2_f,1.866616e-10
tb_alu_4bit.spice,1.62,85,tpd_s0_r3_r,6.377098e-10
tb_alu_4bit.spice,1.8,0,avg_power,2.650441e-05
tb_alu_4bit.spice,1.8,0,tpd_s0_r3_f,2.443235e-10
tb_alu_4bit.spice,1.8,0,tpd_s0_r1_r,3.664371e-10
tb_alu_4bit.spice,1.8,0,tpd_s0_r4_f,1.537872e-10
tb_alu_4bit.spice,1.8,0,tpd_s0_r2_r,2.884234e-10
tb_alu_4bit.spice,1.8,0,tpd_s0_r2_f,1.529525e-10
tb_alu_4bit.spice,1.8,0,tpd_s0_r3_r,5.740755e-10
tb_alu_4bit.spice,1.8,27,avg_power,2.739271e-05
tb_alu_4bit.spice,1.8,27,tpd_s0_r3_f,2.548472e-10
tb_alu_4bit.spice,1.8,27,tpd_s0_r1_r,3.568587e-10
tb_alu_4bit.spice,1.8,27,tpd_s0_r4_f,1.590629e-10
tb_alu_4bit.spice,1.8,27,tpd_s0_r2_r,2.825816e-10
tb_alu_4bit.spice,1.8,27,tpd_s0_r2_f,1.581930e-10
tb_alu_4bit.spice,1.8,27,tpd_s0_r3_r,5.618863e-10
tb_alu_4bit.spice,1.8,85,avg_power,3.310430e-05
tb_alu_4bit.spice,1.8,85,tpd_s0_r3_f,2.733276e-10
tb_alu_4bit.spice,1.8,85,tpd_s0_r1_r,3.394425e-10
tb_alu_4bit.spice,1.8,85,tpd_s0_r4_f,1.682260e-10
tb_alu_4bit.spice,1.8,85,tpd_s0_r2_r,2.712340e-10
tb_alu_4bit.spice,1.8,85,tpd_s0_r2_f,1.676176e-10
tb_alu_4bit.spice,1.8,85,tpd_s0_r3_r,5.380128e-10
tb_alu_4bit.spice,1.98,0,avg_power,3.493682e-05
tb_alu_4bit.spice,1.98,0,tpd_s0_r3_f,2.187851e-10
tb_alu_4bit.spice,1.98,0,tpd_s0_r1_r,3.820418e-10
tb_alu_4bit.spice,1.98,0,tpd_s0_r4_f,1.482779e-10
tb_alu_4bit.spice,1.98,0,tpd_s0_r2_r,2.564033e-10
tb_alu_4bit.spice,1.98,0,tpd_s0_r2_f,1.349583e-10
tb_alu_4bit.spice,1.98,0,tpd_s0_r3_r,4.875010e-10
tb_alu_4bit.spice,1.98,27,avg_power,3.819966e-05
tb_alu_4bit.spice,1.98,27,tpd_s0_r3_f,2.290947e-10
tb_alu_4bit.spice,1.98,27,tpd_s0_r1_r,3.723305e-10
tb_alu_4bit.spice,1.98,27,tpd_s0_r4_f,1.534040e-10
tb_alu_4bit.spice,1.98,27,tpd_s0_r2_r,2.534073e-10
tb_alu_4bit.spice,1.98,27,tpd_s0_r2_f,1.395337e-10
tb_alu_4bit.spice,1.98,27,tpd_s0_r3_r,4.793731e-10
tb_alu_4bit.spice,1.98,85,avg_power,6.776440e-05
tb_alu_4bit.spice,1.98,85,tpd_s0_r3_f,2.473184e-10
tb_alu_4bit.spice,1.98,85,tpd_s0_r1_r,3.557477e-10
tb_alu_4bit.spice,1.98,85,tpd_s0_r4_f,1.623698e-10
tb_alu_4bit.spice,1.98,85,tpd_s0_r2_r,2.472104e-10
tb_alu_4bit.spice,1.98,85,tpd_s0_r2_f,1.481008e-10
tb_alu_4bit.spice,1.98,85,tpd_s0_r3_r,4.633962e-10
